-- phpMyAdmin SQL Dump
-- version 3.3.7deb7
-- http://www.phpmyadmin.net
--
-- Serveur: localhost
-- Généré le : Jeu 25 Février 2016 à 13:03
-- Version du serveur: 5.1.73
-- Version de PHP: 5.3.3-7+squeeze19

SET SQL_MODE="NO_AUTO_VALUE_ON_ZERO";


/*!40101 SET @OLD_CHARACTER_SET_CLIENT=@@CHARACTER_SET_CLIENT */;
/*!40101 SET @OLD_CHARACTER_SET_RESULTS=@@CHARACTER_SET_RESULTS */;
/*!40101 SET @OLD_COLLATION_CONNECTION=@@COLLATION_CONNECTION */;
/*!40101 SET NAMES utf8 */;

--
-- Base de données: `iodeman`
--

-- --------------------------------------------------------

--
-- Structure de la table `Participant`
--

CREATE TABLE IF NOT EXISTS `Participant` (
  `id` int(11) NOT NULL AUTO_INCREMENT,
  `company` varchar(255) DEFAULT NULL,
  `tutorFullName` varchar(255) DEFAULT NULL,
  `followingTeacher_id` int(11) DEFAULT NULL,
  `student_id` int(11) DEFAULT NULL,
  PRIMARY KEY (`id`),
  KEY `FK_dkb3i0k52t17ia9y3bwowkxyq` (`followingTeacher_id`),
  KEY `FK_lx95h44llarxeqc60w06h3p9g` (`student_id`)
) ENGINE=MyISAM  DEFAULT CHARSET=latin1 AUTO_INCREMENT=52 ;

--
-- Contenu de la table `Participant`
--

INSERT INTO `Participant` (`id`, `company`, `tutorFullName`, `followingTeacher_id`, `student_id`) VALUES
(44, 'Sopra (Rennes)', 'Jerome Coudrais', 49, 42),
(43, 'Ubat Controle (Rennes)', 'DROUET Marc', 30, 41),
(41, 'Sopra (Rennes)', 'Thomas Gigon', 48, 39),
(42, 'OAB (Rennes)', 'Thierry Drouet', 32, 40),
(40, 'Capgemini (Rennes)', 'PORTE Valentin', 28, 38),
(39, 'Atos (Rennes)', 'SERVAES Julien', 28, 37),
(38, 'Capgemini (Rennes)', 'BORDAS Julien', 36, 35),
(37, 'Capgemini (Rennes)', 'GIFFARD Jean-Francois', 30, 34),
(36, 'Sopra (Rennes)', 'CHRISTIEN Emilie', 33, 1),
(35, 'Zenika (Rennes)', 'MOUTERDE Martin', 32, 31),
(34, 'Atos (Rennes)', 'JEAN Paul', 30, 29),
(33, 'Sopra (Rennes)', 'LEMOINE Jean-Francois', 28, 27),
(32, 'SopraSteria (Rennes)', 'DAUBERCIES Olivier', 36, 25),
(45, 'Infotel (Brest)', 'CREACH Franck', 33, 43),
(46, 'Capgemini (Rennes)', 'Dominique Macé', 28, 44),
(47, 'OBS (Rennes)', 'Violaine Guillouet', 36, 45);

-- --------------------------------------------------------

--
-- Structure de la table `Person`
--

CREATE TABLE IF NOT EXISTS `Person` (
  `id` int(11) NOT NULL AUTO_INCREMENT,
  `email` varchar(255) DEFAULT NULL,
  `firstName` varchar(255) DEFAULT NULL,
  `lastName` varchar(255) DEFAULT NULL,
  `promo` varchar(255) DEFAULT NULL,
  `role` int(11) DEFAULT NULL,
  `uid` varchar(255) DEFAULT NULL,
  PRIMARY KEY (`id`)
) ENGINE=MyISAM  DEFAULT CHARSET=latin1 AUTO_INCREMENT=54 ;

--
-- Contenu de la table `Person`
--

INSERT INTO `Person` (`id`, `email`, `firstName`, `lastName`, `promo`, `role`, `uid`) VALUES
(1, 'francois.esnault.1@etudiant.univ-rennes1.fr', 'Francois', 'ESNAULT', NULL, 1, '14002835'),
(40, 'maxime.meunier@etudiant.univ-rennes1.fr', 'Maxime', 'MEUNIER', NULL, 0, '14008414'),
(39, 'yoann.letaillanter@etudiant.univ-rennes1.fr', 'Yoann', 'LE TAILLANTER', NULL, 0, '14007427'),
(38, 'thibault.leroux@etudiant.univ-rennes1.fr', 'Thibault', 'LE ROUX', NULL, 0, '14008282'),
(37, 'mariane.kinfack-dongmo@etudiant.univ-rennes1.fr', 'Mariane', 'KINFACK DONGMO', NULL, 0, '11010875'),
(36, 'mathieu.acher@univ-rennes1.fr', 'Mathieu', 'ACHER', NULL, 1, 'macher'),
(35, 'mariia.iermolenko@etudiant.univ-rennes1.fr', 'Mariia', 'IERMOLENKO', NULL, 0, '15011078'),
(34, 'julie.guegnaud@etudiant.univ-rennes1.fr', 'Julie', 'GUEGNAUD', NULL, 0, '14010287'),
(33, 'mickael.foursov@univ-rennes1.fr', 'Mickael', 'FOURSOV', NULL, 1, 'foursov'),
(32, 'Gilles.Lesventes@univ-rennes1.fr', 'Gilles', 'LESVENTES', NULL, 1, 'lesvente'),
(31, 'corentin.cocoual@etudiant.univ-rennes1.fr', 'Corentin', 'COCOUAL', NULL, 0, '14006103'),
(30, 'sebastien.ferre@univ-rennes1.fr', 'Sebastien', 'FERRE', NULL, 1, 'sferre'),
(29, 'alexandre.berteaux@etudiant.univ-rennes1.fr', 'Alexandre', 'BERTEAUX', NULL, 0, '14008681'),
(28, 'didier.certain@univ-rennes1.fr', 'Didier', 'CERTAIN', NULL, 1, 'dcertain'),
(27, 'anne-sophie.balestra@etudiant.univ-rennes1.fr', 'Anne-Sophie', 'BALESTRA', NULL, 0, '14001074'),
(26, 'francois.poulet@univ-rennes1.fr', 'Francois', 'POULET', NULL, 1, 'fpoulet'),
(25, 'samy.abdallah@etudiant.univ-rennes1.fr', 'Samy', 'ABDALLAH', NULL, 0, '11002391'),
(41, 'julien.moulin.1@etudiant.univ-rennes1.fr', 'Julien', 'MOULIN', NULL, 0, '15008377'),
(42, 'emmanuel.petit@etudiant.univ-rennes1.fr', 'Emmanuel', 'PETIT', NULL, 0, '14004315'),
(43, 'melissa.poher@etudiant.univ-rennes1.fr', 'Melissa', 'POHER', NULL, 0, '14008374'),
(44, 'baptiste.quere.1@etudiant.univ-rennes1.fr', 'Baptiste', 'QUERE', NULL, 0, '14007686'),
(45, 'hugo.vallee@etudiant.univ-rennes1.fr', 'Hugo', 'VALLEE', NULL, 0, '11003199'),
(46, 'thierno-ousmane.sow@etudiant.univ-rennes1.fr', 'Thierno Ousmane', 'SOW', NULL, 0, '15009722'),
(47, 'jeremy.viallatte@etudiant.univ-rennes1.fr', 'Jeremy', 'VIALLATTE', NULL, 0, '14006680'),
(48, 'Charles.Queguiner@univ-rennes1.fr', 'Charles', 'QUEGUINER', NULL, 1, 'queguine'),
(49, 'Marc.Bousse@univ-rennes1.fr', 'Marc', 'BOUSSE', NULL, 1, 'bousse'),
(50, 'hugo.bocquet@etudiant.univ-rennes1.fr', 'Hugo', 'BOCQUET', NULL, 0, '14007993'),
(51, 'manal.afif@etudiant.univ-rennes1.fr', 'Manal', 'AFIF', NULL, 0, '29003413'),
(52, 'leon.perrier@etudiant.univ-rennes1.fr', 'Leon', 'Perrier', NULL, 0, '10045079'),
(53, 'alassane.sow@etudiant.univ-rennes1.fr', 'Alassane', 'Sow', NULL, 0, '16012133');

-- --------------------------------------------------------

--
-- Structure de la table `Planning`
--

CREATE TABLE IF NOT EXISTS `Planning` (
  `id` int(11) NOT NULL AUTO_INCREMENT,
  `dayPeriod_from` datetime DEFAULT NULL,
  `dayPeriod_to` datetime DEFAULT NULL,
  `lunchBreak_from` datetime DEFAULT NULL,
  `lunchBreak_to` datetime DEFAULT NULL,
  `name` varchar(255) DEFAULT NULL,
  `nbMaxOralDefensePerDay` int(11) DEFAULT NULL,
  `oralDefenseDuration` int(11) DEFAULT NULL,
  `oralDefenseInterlude` int(11) DEFAULT NULL,
  `period_from` datetime DEFAULT NULL,
  `period_to` datetime DEFAULT NULL,
  `admin_id` int(11) DEFAULT NULL,
  PRIMARY KEY (`id`),
  KEY `FK_8tqc9ue3h6pc3957or2kvtvyi` (`admin_id`)
) ENGINE=MyISAM  DEFAULT CHARSET=latin1 AUTO_INCREMENT=5 ;

--
-- Contenu de la table `Planning`
--

INSERT INTO `Planning` (`id`, `dayPeriod_from`, `dayPeriod_to`, `lunchBreak_from`, `lunchBreak_to`, `name`, `nbMaxOralDefensePerDay`, `oralDefenseDuration`, `oralDefenseInterlude`, `period_from`, `period_to`, `admin_id`) VALUES
(1, '2016-08-22 08:00:00', '2016-08-22 18:00:00', '2016-08-22 12:00:00', '2016-08-22 14:00:00', 'Soutenances Stages M2 MIAGE', NULL, 40, NULL, '2016-08-22 00:00:00', '2016-08-26 00:00:00', 1);

-- --------------------------------------------------------

--
-- Structure de la table `Planning_Participant`
--

CREATE TABLE IF NOT EXISTS `Planning_Participant` (
  `Planning_id` int(11) NOT NULL,
  `participants_id` int(11) NOT NULL,
  UNIQUE KEY `UK_s42tarl5lx94tko1eped2u5pk` (`participants_id`),
  KEY `FK_rqbkpq95t1d12slxr3v78asmi` (`Planning_id`)
) ENGINE=MyISAM DEFAULT CHARSET=latin1;

--
-- Contenu de la table `Planning_Participant`
--

INSERT INTO `Planning_Participant` (`Planning_id`, `participants_id`) VALUES
(1, 47),
(1, 46),
(1, 45),
(1, 44),
(1, 43),
(1, 42),
(1, 41),
(1, 40),
(1, 39),
(1, 38),
(1, 37),
(1, 36),
(1, 35),
(1, 34),
(1, 33),
(1, 32);

-- --------------------------------------------------------

--
-- Structure de la table `Planning_Priority`
--

CREATE TABLE IF NOT EXISTS `Planning_Priority` (
  `Planning_id` int(11) NOT NULL,
  `priorities_id` int(11) NOT NULL,
  UNIQUE KEY `UK_9lq27xlxn2kvsexyij18787x4` (`priorities_id`),
  KEY `FK_h4xl0c5tb4eurcwjqvtbia6a8` (`Planning_id`)
) ENGINE=MyISAM DEFAULT CHARSET=latin1;

--
-- Contenu de la table `Planning_Priority`
--

INSERT INTO `Planning_Priority` (`Planning_id`, `priorities_id`) VALUES
(1, 1),
(1, 2),
(1, 3);

-- --------------------------------------------------------

--
-- Structure de la table `Planning_Room`
--

CREATE TABLE IF NOT EXISTS `Planning_Room` (
  `Planning_id` int(11) NOT NULL,
  `rooms_id` int(11) NOT NULL,
  KEY `FK_ie8528q2bejmunj1eow8yopk3` (`rooms_id`),
  KEY `FK_oqrfu3rtpien6u6p5rypnar5o` (`Planning_id`)
) ENGINE=MyISAM DEFAULT CHARSET=latin1;

--
-- Contenu de la table `Planning_Room`
--

INSERT INTO `Planning_Room` (`Planning_id`, `rooms_id`) VALUES
(1, 1),
(1, 2);

-- --------------------------------------------------------

--
-- Structure de la table `Priority`
--

CREATE TABLE IF NOT EXISTS `Priority` (
  `id` int(11) NOT NULL AUTO_INCREMENT,
  `role` varchar(255) NOT NULL,
  `weight` int(11) DEFAULT NULL,
  PRIMARY KEY (`id`)
) ENGINE=MyISAM  DEFAULT CHARSET=latin1 AUTO_INCREMENT=13 ;

--
-- Contenu de la table `Priority`
--

INSERT INTO `Priority` (`id`, `role`, `weight`) VALUES
(1, 'ENTREPRISE', 2),
(2, 'ENSEIGNANT', 3),
(3, 'HORAIRES', 1);

-- --------------------------------------------------------

--
-- Structure de la table `Room`
--

CREATE TABLE IF NOT EXISTS `Room` (
  `id` int(11) NOT NULL AUTO_INCREMENT,
  `name` varchar(255) DEFAULT NULL,
  PRIMARY KEY (`id`)
) ENGINE=MyISAM  DEFAULT CHARSET=latin1 AUTO_INCREMENT=3 ;

--
-- Contenu de la table `Room`
--

INSERT INTO `Room` (`id`, `name`) VALUES
(1, 'i50'),
(2, 'i51');

-- --------------------------------------------------------

--
-- Structure de la table `Unavailability`
--

CREATE TABLE IF NOT EXISTS `Unavailability` (
  `id` int(11) NOT NULL AUTO_INCREMENT,
  `period_from` datetime DEFAULT NULL,
  `period_to` datetime DEFAULT NULL,
  `person_id` int(11) DEFAULT NULL,
  `planning_id` int(11) DEFAULT NULL,
  PRIMARY KEY (`id`),
  UNIQUE KEY `unique_unavailability` (`period_from`,`period_to`,`person_id`,`planning_id`),
  KEY `FK_6ce604re8yiloyaykagtal1a9` (`person_id`),
  KEY `FK_g124xuytixfqxf0i75snxogus` (`planning_id`)
) ENGINE=MyISAM  DEFAULT CHARSET=latin1 AUTO_INCREMENT=262 ;

--
-- Contenu de la table `Unavailability`
--

INSERT INTO `Unavailability` (`id`, `period_from`, `period_to`, `person_id`, `planning_id`) VALUES
(1, '2016-08-25 08:00:00', '2016-08-25 08:40:00', 45, 1),
(2, '2016-08-25 08:40:00', '2016-08-25 09:20:00', 45, 1),
(3, '2016-08-25 09:20:00', '2016-08-25 10:00:00', 45, 1),
(4, '2016-08-25 10:00:00', '2016-08-25 10:40:00', 45, 1),
(5, '2016-08-25 10:40:00', '2016-08-25 11:20:00', 45, 1),
(6, '2016-08-25 11:20:00', '2016-08-25 12:00:00', 45, 1),
(7, '2016-08-24 14:00:00', '2016-08-24 14:40:00', 45, 1),
(8, '2016-08-24 14:40:00', '2016-08-24 15:20:00', 45, 1),
(9, '2016-08-24 15:20:00', '2016-08-24 16:00:00', 45, 1),
(10, '2016-08-24 16:00:00', '2016-08-24 16:40:00', 45, 1),
(11, '2016-08-24 16:40:00', '2016-08-24 17:20:00', 45, 1),
(12, '2016-08-24 17:20:00', '2016-08-24 18:00:00', 45, 1),
(13, '2016-08-23 08:00:00', '2016-08-23 08:40:00', 1, 1),
(14, '2016-08-23 08:40:00', '2016-08-23 09:20:00', 1, 1),
(15, '2016-08-23 09:20:00', '2016-08-23 10:00:00', 1, 1),
(16, '2016-08-23 10:00:00', '2016-08-23 10:40:00', 1, 1),
(17, '2016-08-23 10:40:00', '2016-08-23 11:20:00', 1, 1),
(18, '2016-08-23 11:20:00', '2016-08-23 12:00:00', 1, 1),
(19, '2016-08-23 14:00:00', '2016-08-23 14:40:00', 1, 1),
(20, '2016-08-23 14:40:00', '2016-08-23 15:20:00', 1, 1),
(21, '2016-08-23 15:20:00', '2016-08-23 16:00:00', 1, 1),
(22, '2016-08-23 16:00:00', '2016-08-23 16:40:00', 1, 1),
(23, '2016-08-23 16:40:00', '2016-08-23 17:20:00', 1, 1),
(24, '2016-08-23 17:20:00', '2016-08-23 18:00:00', 1, 1),
(25, '2016-08-23 10:40:00', '2016-08-23 11:20:00', 31, 1),
(26, '2016-08-24 14:40:00', '2016-08-24 15:20:00', 31, 1),
(27, '2016-08-22 08:00:00', '2016-08-22 08:40:00', 41, 1),
(28, '2016-08-22 08:40:00', '2016-08-22 09:20:00', 41, 1),
(29, '2016-08-22 09:20:00', '2016-08-22 10:00:00', 41, 1),
(30, '2016-08-22 10:00:00', '2016-08-22 10:40:00', 41, 1),
(31, '2016-08-22 10:40:00', '2016-08-22 11:20:00', 41, 1),
(32, '2016-08-22 11:20:00', '2016-08-22 12:00:00', 41, 1),
(33, '2016-08-22 16:00:00', '2016-08-22 16:40:00', 39, 1),
(34, '2016-08-22 16:40:00', '2016-08-22 17:20:00', 39, 1),
(35, '2016-08-22 17:20:00', '2016-08-22 18:00:00', 39, 1),
(36, '2016-08-22 08:00:00', '2016-08-22 08:40:00', 39, 1),
(37, '2016-08-22 08:40:00', '2016-08-22 09:20:00', 39, 1),
(38, '2016-08-22 09:20:00', '2016-08-22 10:00:00', 39, 1),
(39, '2016-08-22 10:00:00', '2016-08-22 10:40:00', 39, 1),
(40, '2016-08-22 10:40:00', '2016-08-22 11:20:00', 39, 1),
(41, '2016-08-22 11:20:00', '2016-08-22 12:00:00', 39, 1),
(42, '2016-08-22 14:00:00', '2016-08-22 14:40:00', 39, 1),
(43, '2016-08-22 14:40:00', '2016-08-22 15:20:00', 39, 1),
(44, '2016-08-22 15:20:00', '2016-08-22 16:00:00', 39, 1),
(45, '2016-08-22 08:40:00', '2016-08-22 09:20:00', 44, 1),
(46, '2016-08-25 08:00:00', '2016-08-25 08:40:00', 44, 1),
(47, '2016-08-22 08:00:00', '2016-08-22 08:40:00', 44, 1),
(48, '2016-08-26 08:00:00', '2016-08-26 08:40:00', 44, 1),
(49, '2016-08-23 08:00:00', '2016-08-23 08:40:00', 44, 1),
(50, '2016-08-23 09:20:00', '2016-08-23 10:00:00', 44, 1),
(51, '2016-08-25 08:40:00', '2016-08-25 09:20:00', 44, 1),
(52, '2016-08-22 09:20:00', '2016-08-22 10:00:00', 44, 1),
(53, '2016-08-24 10:00:00', '2016-08-24 10:40:00', 44, 1),
(54, '2016-08-23 10:00:00', '2016-08-23 10:40:00', 44, 1),
(55, '2016-08-22 10:00:00', '2016-08-22 10:40:00', 44, 1),
(56, '2016-08-24 10:40:00', '2016-08-24 11:20:00', 44, 1),
(57, '2016-08-22 10:40:00', '2016-08-22 11:20:00', 44, 1),
(58, '2016-08-26 10:00:00', '2016-08-26 10:40:00', 44, 1),
(59, '2016-08-25 10:00:00', '2016-08-25 10:40:00', 44, 1),
(60, '2016-08-26 11:20:00', '2016-08-26 12:00:00', 44, 1),
(61, '2016-08-22 11:20:00', '2016-08-22 12:00:00', 44, 1),
(62, '2016-08-26 10:40:00', '2016-08-26 11:20:00', 44, 1),
(63, '2016-08-22 14:00:00', '2016-08-22 14:40:00', 44, 1),
(64, '2016-08-22 14:40:00', '2016-08-22 15:20:00', 44, 1),
(65, '2016-08-26 14:00:00', '2016-08-26 14:40:00', 44, 1),
(66, '2016-08-24 14:00:00', '2016-08-24 14:40:00', 44, 1),
(67, '2016-08-25 14:40:00', '2016-08-25 15:20:00', 44, 1),
(68, '2016-08-23 14:40:00', '2016-08-23 15:20:00', 44, 1),
(69, '2016-08-22 15:20:00', '2016-08-22 16:00:00', 44, 1),
(70, '2016-08-23 15:20:00', '2016-08-23 16:00:00', 44, 1),
(71, '2016-08-26 15:20:00', '2016-08-26 16:00:00', 44, 1),
(72, '2016-08-22 16:00:00', '2016-08-22 16:40:00', 44, 1),
(73, '2016-08-24 15:20:00', '2016-08-24 16:00:00', 44, 1),
(74, '2016-08-22 16:40:00', '2016-08-22 17:20:00', 44, 1),
(75, '2016-08-26 16:00:00', '2016-08-26 16:40:00', 44, 1),
(76, '2016-08-26 17:20:00', '2016-08-26 18:00:00', 44, 1),
(77, '2016-08-23 17:20:00', '2016-08-23 18:00:00', 44, 1),
(78, '2016-08-24 17:20:00', '2016-08-24 18:00:00', 44, 1),
(79, '2016-08-22 17:20:00', '2016-08-22 18:00:00', 44, 1),
(80, '2016-08-25 17:20:00', '2016-08-25 18:00:00', 44, 1),
(81, '2016-08-26 08:00:00', '2016-08-26 08:40:00', 42, 1),
(82, '2016-08-26 08:40:00', '2016-08-26 09:20:00', 42, 1),
(83, '2016-08-26 09:20:00', '2016-08-26 10:00:00', 42, 1),
(84, '2016-08-26 10:00:00', '2016-08-26 10:40:00', 42, 1),
(85, '2016-08-26 10:40:00', '2016-08-26 11:20:00', 42, 1),
(86, '2016-08-26 11:20:00', '2016-08-26 12:00:00', 42, 1),
(87, '2016-08-26 14:00:00', '2016-08-26 14:40:00', 42, 1),
(88, '2016-08-26 14:40:00', '2016-08-26 15:20:00', 42, 1),
(89, '2016-08-26 15:20:00', '2016-08-26 16:00:00', 42, 1),
(90, '2016-08-26 16:00:00', '2016-08-26 16:40:00', 42, 1),
(91, '2016-08-26 16:40:00', '2016-08-26 17:20:00', 42, 1),
(92, '2016-08-26 17:20:00', '2016-08-26 18:00:00', 42, 1),
(93, '2016-08-23 08:00:00', '2016-08-23 08:40:00', 27, 1),
(94, '2016-08-23 08:40:00', '2016-08-23 09:20:00', 27, 1),
(95, '2016-08-23 09:20:00', '2016-08-23 10:00:00', 27, 1),
(96, '2016-08-23 10:00:00', '2016-08-23 10:40:00', 27, 1),
(97, '2016-08-23 10:40:00', '2016-08-23 11:20:00', 27, 1),
(98, '2016-08-23 11:20:00', '2016-08-23 12:00:00', 27, 1),
(99, '2016-08-25 14:00:00', '2016-08-25 14:40:00', 27, 1),
(100, '2016-08-25 14:40:00', '2016-08-25 15:20:00', 27, 1),
(101, '2016-08-25 15:20:00', '2016-08-25 16:00:00', 27, 1),
(102, '2016-08-25 16:00:00', '2016-08-25 16:40:00', 27, 1),
(103, '2016-08-25 16:40:00', '2016-08-25 17:20:00', 27, 1),
(104, '2016-08-25 17:20:00', '2016-08-25 18:00:00', 27, 1),
(105, '2016-08-25 08:00:00', '2016-08-25 08:40:00', 29, 1),
(106, '2016-08-26 08:00:00', '2016-08-26 08:40:00', 29, 1),
(107, '2016-08-24 08:00:00', '2016-08-24 08:40:00', 29, 1),
(108, '2016-08-23 08:00:00', '2016-08-23 08:40:00', 29, 1),
(109, '2016-08-22 08:00:00', '2016-08-22 08:40:00', 29, 1),
(110, '2016-08-22 08:40:00', '2016-08-22 09:20:00', 29, 1),
(111, '2016-08-23 08:40:00', '2016-08-23 09:20:00', 29, 1),
(112, '2016-08-22 09:20:00', '2016-08-22 10:00:00', 29, 1),
(113, '2016-08-24 08:40:00', '2016-08-24 09:20:00', 29, 1),
(114, '2016-08-25 08:40:00', '2016-08-25 09:20:00', 29, 1),
(115, '2016-08-24 09:20:00', '2016-08-24 10:00:00', 29, 1),
(116, '2016-08-24 10:00:00', '2016-08-24 10:40:00', 29, 1),
(117, '2016-08-22 10:00:00', '2016-08-22 10:40:00', 29, 1),
(118, '2016-08-22 10:40:00', '2016-08-22 11:20:00', 29, 1),
(119, '2016-08-24 10:40:00', '2016-08-24 11:20:00', 29, 1),
(120, '2016-08-22 11:20:00', '2016-08-22 12:00:00', 29, 1),
(121, '2016-08-24 11:20:00', '2016-08-24 12:00:00', 29, 1),
(122, '2016-08-24 14:00:00', '2016-08-24 14:40:00', 29, 1),
(123, '2016-08-23 14:00:00', '2016-08-23 14:40:00', 29, 1),
(124, '2016-08-24 14:40:00', '2016-08-24 15:20:00', 29, 1),
(125, '2016-08-23 14:40:00', '2016-08-23 15:20:00', 29, 1),
(126, '2016-08-26 14:40:00', '2016-08-26 15:20:00', 29, 1),
(127, '2016-08-26 14:00:00', '2016-08-26 14:40:00', 29, 1),
(128, '2016-08-23 15:20:00', '2016-08-23 16:00:00', 29, 1),
(129, '2016-08-24 15:20:00', '2016-08-24 16:00:00', 29, 1),
(130, '2016-08-26 15:20:00', '2016-08-26 16:00:00', 29, 1),
(131, '2016-08-26 16:00:00', '2016-08-26 16:40:00', 29, 1),
(132, '2016-08-24 16:00:00', '2016-08-24 16:40:00', 29, 1),
(133, '2016-08-23 16:40:00', '2016-08-23 17:20:00', 29, 1),
(134, '2016-08-23 16:00:00', '2016-08-23 16:40:00', 29, 1),
(135, '2016-08-23 17:20:00', '2016-08-23 18:00:00', 29, 1),
(136, '2016-08-24 17:20:00', '2016-08-24 18:00:00', 29, 1),
(137, '2016-08-22 17:20:00', '2016-08-22 18:00:00', 29, 1),
(138, '2016-08-25 16:40:00', '2016-08-25 17:20:00', 29, 1),
(139, '2016-08-26 16:40:00', '2016-08-26 17:20:00', 29, 1),
(140, '2016-08-24 16:40:00', '2016-08-24 17:20:00', 29, 1),
(141, '2016-08-25 17:20:00', '2016-08-25 18:00:00', 29, 1),
(142, '2016-08-26 17:20:00', '2016-08-26 18:00:00', 29, 1),
(143, '2016-08-23 08:00:00', '2016-08-23 08:40:00', 41, 1),
(144, '2016-08-23 08:40:00', '2016-08-23 09:20:00', 41, 1),
(145, '2016-08-23 09:20:00', '2016-08-23 10:00:00', 41, 1),
(146, '2016-08-23 10:00:00', '2016-08-23 10:40:00', 41, 1),
(147, '2016-08-23 10:40:00', '2016-08-23 11:20:00', 41, 1),
(148, '2016-08-23 11:20:00', '2016-08-23 12:00:00', 41, 1),
(149, '2016-08-23 14:00:00', '2016-08-23 14:40:00', 41, 1),
(150, '2016-08-23 14:40:00', '2016-08-23 15:20:00', 41, 1),
(151, '2016-08-23 15:20:00', '2016-08-23 16:00:00', 41, 1),
(152, '2016-08-23 16:00:00', '2016-08-23 16:40:00', 41, 1),
(153, '2016-08-23 16:40:00', '2016-08-23 17:20:00', 41, 1),
(154, '2016-08-23 17:20:00', '2016-08-23 18:00:00', 41, 1),
(155, '2016-08-22 08:00:00', '2016-08-22 08:40:00', 49, 1),
(156, '2016-08-22 08:40:00', '2016-08-22 09:20:00', 49, 1),
(157, '2016-08-22 09:20:00', '2016-08-22 10:00:00', 49, 1),
(158, '2016-08-22 10:00:00', '2016-08-22 10:40:00', 49, 1),
(159, '2016-08-25 10:00:00', '2016-08-25 10:40:00', 49, 1),
(160, '2016-08-22 10:40:00', '2016-08-22 11:20:00', 49, 1),
(161, '2016-08-25 10:40:00', '2016-08-25 11:20:00', 49, 1),
(162, '2016-08-22 11:20:00', '2016-08-22 12:00:00', 49, 1),
(163, '2016-08-25 11:20:00', '2016-08-25 12:00:00', 49, 1),
(164, '2016-08-23 14:00:00', '2016-08-23 14:40:00', 49, 1),
(165, '2016-08-23 14:40:00', '2016-08-23 15:20:00', 49, 1),
(166, '2016-08-23 15:20:00', '2016-08-23 16:00:00', 49, 1),
(167, '2016-08-23 16:00:00', '2016-08-23 16:40:00', 49, 1),
(168, '2016-08-23 16:40:00', '2016-08-23 17:20:00', 49, 1),
(169, '2016-08-23 17:20:00', '2016-08-23 18:00:00', 49, 1),
(170, '2016-08-24 08:00:00', '2016-08-24 08:40:00', 48, 1),
(171, '2016-08-23 08:00:00', '2016-08-23 08:40:00', 48, 1),
(172, '2016-08-22 08:40:00', '2016-08-22 09:20:00', 48, 1),
(173, '2016-08-22 08:00:00', '2016-08-22 08:40:00', 48, 1),
(174, '2016-08-24 08:40:00', '2016-08-24 09:20:00', 48, 1),
(175, '2016-08-22 09:20:00', '2016-08-22 10:00:00', 48, 1),
(176, '2016-08-23 08:40:00', '2016-08-23 09:20:00', 48, 1),
(177, '2016-08-23 09:20:00', '2016-08-23 10:00:00', 48, 1),
(178, '2016-08-24 09:20:00', '2016-08-24 10:00:00', 48, 1),
(179, '2016-08-22 10:00:00', '2016-08-22 10:40:00', 48, 1),
(180, '2016-08-23 10:00:00', '2016-08-23 10:40:00', 48, 1),
(181, '2016-08-24 10:00:00', '2016-08-24 10:40:00', 48, 1),
(182, '2016-08-22 10:40:00', '2016-08-22 11:20:00', 48, 1),
(183, '2016-08-23 10:40:00', '2016-08-23 11:20:00', 48, 1),
(184, '2016-08-22 11:20:00', '2016-08-22 12:00:00', 48, 1),
(185, '2016-08-24 11:20:00', '2016-08-24 12:00:00', 48, 1),
(186, '2016-08-23 11:20:00', '2016-08-23 12:00:00', 48, 1),
(187, '2016-08-24 10:40:00', '2016-08-24 11:20:00', 48, 1),
(188, '2016-08-25 10:40:00', '2016-08-25 11:20:00', 48, 1),
(189, '2016-08-25 14:00:00', '2016-08-25 14:40:00', 48, 1),
(190, '2016-08-26 14:00:00', '2016-08-26 14:40:00', 48, 1),
(191, '2016-08-25 11:20:00', '2016-08-25 12:00:00', 48, 1),
(192, '2016-08-22 14:00:00', '2016-08-22 14:40:00', 48, 1),
(193, '2016-08-22 14:40:00', '2016-08-22 15:20:00', 48, 1),
(194, '2016-08-23 14:40:00', '2016-08-23 15:20:00', 48, 1),
(195, '2016-08-24 14:00:00', '2016-08-24 14:40:00', 48, 1),
(196, '2016-08-23 14:00:00', '2016-08-23 14:40:00', 48, 1),
(197, '2016-08-26 14:40:00', '2016-08-26 15:20:00', 48, 1),
(198, '2016-08-22 15:20:00', '2016-08-22 16:00:00', 48, 1),
(199, '2016-08-26 15:20:00', '2016-08-26 16:00:00', 48, 1),
(200, '2016-08-23 15:20:00', '2016-08-23 16:00:00', 48, 1),
(201, '2016-08-23 16:00:00', '2016-08-23 16:40:00', 48, 1),
(202, '2016-08-22 16:00:00', '2016-08-22 16:40:00', 48, 1),
(203, '2016-08-23 16:40:00', '2016-08-23 17:20:00', 48, 1),
(204, '2016-08-22 16:40:00', '2016-08-22 17:20:00', 48, 1),
(205, '2016-08-26 16:00:00', '2016-08-26 16:40:00', 48, 1),
(206, '2016-08-23 17:20:00', '2016-08-23 18:00:00', 48, 1),
(207, '2016-08-26 16:40:00', '2016-08-26 17:20:00', 48, 1),
(208, '2016-08-22 17:20:00', '2016-08-22 18:00:00', 48, 1),
(209, '2016-08-26 17:20:00', '2016-08-26 18:00:00', 48, 1),
(210, '2016-08-22 08:40:00', '2016-08-22 09:20:00', 33, 1),
(211, '2016-08-25 08:00:00', '2016-08-25 08:40:00', 33, 1),
(212, '2016-08-24 08:00:00', '2016-08-24 08:40:00', 33, 1),
(213, '2016-08-22 08:00:00', '2016-08-22 08:40:00', 33, 1),
(214, '2016-08-24 08:40:00', '2016-08-24 09:20:00', 33, 1),
(215, '2016-08-22 09:20:00', '2016-08-22 10:00:00', 33, 1),
(216, '2016-08-25 08:40:00', '2016-08-25 09:20:00', 33, 1),
(217, '2016-08-25 09:20:00', '2016-08-25 10:00:00', 33, 1),
(218, '2016-08-23 10:00:00', '2016-08-23 10:40:00', 33, 1),
(219, '2016-08-24 09:20:00', '2016-08-24 10:00:00', 33, 1),
(220, '2016-08-25 10:00:00', '2016-08-25 10:40:00', 33, 1),
(221, '2016-08-23 11:20:00', '2016-08-23 12:00:00', 33, 1),
(222, '2016-08-25 10:40:00', '2016-08-25 11:20:00', 33, 1),
(223, '2016-08-23 10:40:00', '2016-08-23 11:20:00', 33, 1),
(224, '2016-08-23 14:00:00', '2016-08-23 14:40:00', 33, 1),
(225, '2016-08-25 11:20:00', '2016-08-25 12:00:00', 33, 1),
(226, '2016-08-26 14:00:00', '2016-08-26 14:40:00', 33, 1),
(227, '2016-08-26 14:40:00', '2016-08-26 15:20:00', 33, 1),
(228, '2016-08-23 14:40:00', '2016-08-23 15:20:00', 33, 1),
(229, '2016-08-26 15:20:00', '2016-08-26 16:00:00', 33, 1),
(230, '2016-08-22 16:00:00', '2016-08-22 16:40:00', 33, 1),
(231, '2016-08-26 16:00:00', '2016-08-26 16:40:00', 33, 1),
(232, '2016-08-22 16:40:00', '2016-08-22 17:20:00', 33, 1),
(233, '2016-08-26 16:40:00', '2016-08-26 17:20:00', 33, 1),
(234, '2016-08-22 17:20:00', '2016-08-22 18:00:00', 33, 1),
(235, '2016-08-26 17:20:00', '2016-08-26 18:00:00', 33, 1),
(236, '2016-08-22 08:00:00', '2016-08-22 08:40:00', 30, 1),
(237, '2016-08-22 08:40:00', '2016-08-22 09:20:00', 30, 1),
(238, '2016-08-25 08:00:00', '2016-08-25 08:40:00', 30, 1),
(239, '2016-08-26 08:00:00', '2016-08-26 08:40:00', 30, 1),
(240, '2016-08-24 08:00:00', '2016-08-24 08:40:00', 30, 1),
(241, '2016-08-23 08:00:00', '2016-08-23 08:40:00', 30, 1),
(242, '2016-08-26 08:40:00', '2016-08-26 09:20:00', 30, 1),
(243, '2016-08-25 08:40:00', '2016-08-25 09:20:00', 30, 1),
(244, '2016-08-23 08:40:00', '2016-08-23 09:20:00', 30, 1),
(245, '2016-08-24 08:40:00', '2016-08-24 09:20:00', 30, 1),
(246, '2016-08-24 10:00:00', '2016-08-24 10:40:00', 30, 1),
(247, '2016-08-24 10:40:00', '2016-08-24 11:20:00', 30, 1),
(248, '2016-08-23 14:00:00', '2016-08-23 14:40:00', 30, 1),
(249, '2016-08-24 11:20:00', '2016-08-24 12:00:00', 30, 1),
(250, '2016-08-26 14:00:00', '2016-08-26 14:40:00', 30, 1),
(251, '2016-08-26 14:40:00', '2016-08-26 15:20:00', 30, 1),
(252, '2016-08-23 15:20:00', '2016-08-23 16:00:00', 30, 1),
(253, '2016-08-23 14:40:00', '2016-08-23 15:20:00', 30, 1),
(254, '2016-08-26 16:00:00', '2016-08-26 16:40:00', 30, 1),
(255, '2016-08-26 15:20:00', '2016-08-26 16:00:00', 30, 1),
(256, '2016-08-26 16:40:00', '2016-08-26 17:20:00', 30, 1),
(257, '2016-08-25 17:20:00', '2016-08-25 18:00:00', 30, 1),
(258, '2016-08-26 16:00:00', '2016-08-26 16:40:00', 49, 1),
(259, '2016-08-22 08:00:00', '2016-08-22 08:40:00', 35, 1),
(260, '2016-08-22 08:40:00', '2016-08-22 09:20:00', 35, 1),
(261, '2016-08-22 09:20:00', '2016-08-22 10:00:00', 35, 1);
